[{"route":"general-home-index.do","label":"Accueil","tag":"","icon":"home"},{"route":"utilisateurs.php","label":"Utilisateurs","tag":"","icon":"avatar"},{"route":"demandes-demande-listdemandes.do","label":"Demandes","tag":"","icon":"collective"},{"route":"agenda-agenda-index.do","label":"Agenda","tag":"","icon":"calendar"},{"route":"#","label":"T&acirc;ches","tag":"","icon":"coding"},{"route":"messagerie-chat-index.do","label":"Messages","tag":"","icon":"chat"},{"route":"#","label":"Rapports","tag":"","icon":"analysis"}]